{
    "-5.891,0":
    {
        "C0": 0,
        "C1": 2.5173462e1,
        "C2": -1.1662878,
        "C3": -1.0833638,
        "C4": -8.9773540e-1,
        "C5": -3.7342377e-1,
        "C6": -8.6632643e-2,
        "C7": -1.0450598e-2,
        "C8": -5.1920577e-4,
        "C9": 0
    },
    "0,20.644":
    {
        "C0": 0,
        "C1": 2.508355e1,
        "C2": 7.860106e-2,
        "C3": -2.503131e-1,
        "C4": 8.315270e-2,
        "C5": -1.228034e-2,
        "C6": 9.804036e-4,
        "C7": -4.413030e-5,
        "C8": 1.057734e-6,
        "C9": -1.052755e-8
    },
    "20.644,54.886":
    {
        "C0": -1.318058e2,
        "C1": 4.830222e1,
        "C2": -1.646031,
        "C3": 5.464731e-2,
        "C4": -9.650715e-4,
        "C5": 8.802193e-6,
        "C6": -3.110810e-8,
        "C7": 0,
        "C8": 0,
        "C9": 0
    }
}